组合 1,政治+历史+地理,共 15643 条记录 页次：1/870页 18条/页 ,备注：7选3新版按科目组合查询
组合 1,政治+历史+地理,共 15643 条记录 页次：1/783页 20条/页 ,备注：7选3老版按科目组合查询
组合 2,政治+历史+物理,共 23085 条记录 页次：1/1283页 18条/页 ,备注：7选3新版按科目组合查询
组合 2,政治+历史+物理,共 23085 条记录 页次：1/1155页 20条/页 ,备注：7选3老版按科目组合查询
组合 3,政治+历史+化学,共 21782 条记录 页次：1/1211页 18条/页 ,备注：7选3新版按科目组合查询
组合 3,政治+历史+化学,共 21782 条记录 页次：1/1090页 20条/页 ,备注：7选3老版按科目组合查询
组合 4,政治+历史+生物,共 18492 条记录 页次：1/1028页 18条/页 ,备注：7选3新版按科目组合查询
组合 4,政治+历史+生物,共 18492 条记录 页次：1/925页 20条/页 ,备注：7选3老版按科目组合查询
组合 5,政治+历史+技术,共 18270 条记录 页次：1/1015页 18条/页 ,备注：7选3新版按科目组合查询
组合 5,政治+历史+技术,共 18270 条记录 页次：1/914页 20条/页 ,备注：7选3老版按科目组合查询
组合 6,政治+地理+物理,共 22964 条记录 页次：1/1276页 18条/页 ,备注：7选3新版按科目组合查询
组合 6,政治+地理+物理,共 22964 条记录 页次：1/1149页 20条/页 ,备注：7选3老版按科目组合查询
组合 7,政治+地理+化学,共 21737 条记录 页次：1/1208页 18条/页 ,备注：7选3新版按科目组合查询
组合 7,政治+地理+化学,共 21737 条记录 页次：1/1087页 20条/页 ,备注：7选3老版按科目组合查询
组合 8,政治+地理+生物,共 18404 条记录 页次：1/1023页 18条/页 ,备注：7选3新版按科目组合查询
组合 8,政治+地理+生物,共 18404 条记录 页次：1/921页 20条/页 ,备注：7选3老版按科目组合查询
组合 9,政治+地理+技术,共 18162 条记录 页次：1/1009页 18条/页 ,备注：7选3新版按科目组合查询
组合 9,政治+地理+技术,共 18162 条记录 页次：1/909页 20条/页 ,备注：7选3老版按科目组合查询
组合 10,政治+物理+化学,共 23245 条记录 页次：1/1292页 18条/页 ,备注：7选3新版按科目组合查询
组合 10,政治+物理+化学,共 23245 条记录 页次：1/1163页 20条/页 ,备注：7选3老版按科目组合查询
组合 11,政治+物理+生物,共 23113 条记录 页次：1/1285页 18条/页 ,备注：7选3新版按科目组合查询
组合 11,政治+物理+生物,共 23113 条记录 页次：1/1156页 20条/页 ,备注：7选3老版按科目组合查询
组合 12,政治+物理+技术,共 23038 条记录 页次：1/1280页 18条/页 ,备注：7选3新版按科目组合查询
组合 12,政治+物理+技术,共 23038 条记录 页次：1/1152页 20条/页 ,备注：7选3老版按科目组合查询
组合 13,政治+化学+生物,共 21321 条记录 页次：1/1185页 18条/页 ,备注：7选3新版按科目组合查询
组合 13,政治+化学+生物,共 21321 条记录 页次：1/1067页 20条/页 ,备注：7选3老版按科目组合查询
组合 14,政治+化学+技术,共 22314 条记录 页次：1/1240页 18条/页 ,备注：7选3新版按科目组合查询
组合 14,政治+化学+技术,共 22314 条记录 页次：1/1116页 20条/页 ,备注：7选3老版按科目组合查询
组合 15,政治+生物+技术,共 20829 条记录 页次：1/1158页 18条/页 ,备注：7选3新版按科目组合查询
组合 15,政治+生物+技术,共 20829 条记录 页次：1/1042页 20条/页 ,备注：7选3老版按科目组合查询
组合 16,历史+地理+物理,共 23066 条记录 页次：1/1282页 18条/页 ,备注：7选3新版按科目组合查询
组合 16,历史+地理+物理,共 23066 条记录 页次：1/1154页 20条/页 ,备注：7选3老版按科目组合查询
组合 17,历史+地理+化学,共 21901 条记录 页次：1/1217页 18条/页 ,备注：7选3新版按科目组合查询
组合 17,历史+地理+化学,共 21901 条记录 页次：1/1096页 20条/页 ,备注：7选3老版按科目组合查询
组合 18,历史+地理+生物,共 18637 条记录 页次：1/1036页 18条/页 ,备注：7选3新版按科目组合查询
组合 18,历史+地理+生物,共 18637 条记录 页次：1/932页 20条/页 ,备注：7选3老版按科目组合查询
组合 19,历史+地理+技术,共 18356 条记录 页次：1/1020页 18条/页 ,备注：7选3新版按科目组合查询
组合 19,历史+地理+技术,共 18356 条记录 页次：1/918页 20条/页 ,备注：7选3老版按科目组合查询
组合 20,历史+物理+化学,共 23506 条记录 页次：1/1306页 18条/页 ,备注：7选3新版按科目组合查询
组合 20,历史+物理+化学,共 23506 条记录 页次：1/1176页 20条/页 ,备注：7选3老版按科目组合查询
组合 21,历史+物理+生物,共 23385 条记录 页次：1/1300页 18条/页 ,备注：7选3新版按科目组合查询
组合 21,历史+物理+生物,共 23385 条记录 页次：1/1170页 20条/页 ,备注：7选3老版按科目组合查询
组合 22,历史+物理+技术,共 23210 条记录 页次：1/1290页 18条/页 ,备注：7选3新版按科目组合查询
组合 22,历史+物理+技术,共 23210 条记录 页次：1/1161页 20条/页 ,备注：7选3老版按科目组合查询
组合 23,历史+化学+生物,共 21813 条记录 页次：1/1212页 18条/页 ,备注：7选3新版按科目组合查询
组合 23,历史+化学+生物,共 21813 条记录 页次：1/1091页 20条/页 ,备注：7选3老版按科目组合查询
组合 24,历史+化学+技术,共 22561 条记录 页次：1/1254页 18条/页 ,备注：7选3新版按科目组合查询
组合 24,历史+化学+技术,共 22561 条记录 页次：1/1129页 20条/页 ,备注：7选3老版按科目组合查询
组合 25,历史+生物+技术,共 21161 条记录 页次：1/1176页 18条/页 ,备注：7选3新版按科目组合查询
组合 25,历史+生物+技术,共 21161 条记录 页次：1/1059页 20条/页 ,备注：7选3老版按科目组合查询
组合 26,地理+物理+化学,共 23297 条记录 页次：1/1295页 18条/页 ,备注：7选3新版按科目组合查询
组合 26,地理+物理+化学,共 23297 条记录 页次：1/1165页 20条/页 ,备注：7选3老版按科目组合查询
组合 27,地理+物理+生物,共 23173 条记录 页次：1/1288页 18条/页 ,备注：7选3新版按科目组合查询
组合 27,地理+物理+生物,共 23173 条记录 页次：1/1159页 20条/页 ,备注：7选3老版按科目组合查询
组合 28,地理+物理+技术,共 23061 条记录 页次：1/1282页 18条/页 ,备注：7选3新版按科目组合查询
组合 28,地理+物理+技术,共 23061 条记录 页次：1/1154页 20条/页 ,备注：7选3老版按科目组合查询
组合 29,地理+化学+生物,共 21493 条记录 页次：1/1195页 18条/页 ,备注：7选3新版按科目组合查询
组合 29,地理+化学+生物,共 21493 条记录 页次：1/1075页 20条/页 ,备注：7选3老版按科目组合查询
组合 30,地理+化学+技术,共 22351 条记录 页次：1/1242页 18条/页 ,备注：7选3新版按科目组合查询
组合 30,地理+化学+技术,共 22351 条记录 页次：1/1118页 20条/页 ,备注：7选3老版按科目组合查询
组合 31,地理+生物+技术,共 20922 条记录 页次：1/1163页 18条/页 ,备注：7选3新版按科目组合查询
组合 31,地理+生物+技术,共 20922 条记录 页次：1/1047页 20条/页 ,备注：7选3老版按科目组合查询
组合 32,物理+化学+生物,共 22430 条记录 页次：1/1247页 18条/页 ,备注：7选3新版按科目组合查询
组合 32,物理+化学+生物,共 22430 条记录 页次：1/1122页 20条/页 ,备注：7选3老版按科目组合查询
组合 33,物理+化学+技术,共 22782 条记录 页次：1/1266页 18条/页 ,备注：7选3新版按科目组合查询
组合 33,物理+化学+技术,共 22782 条记录 页次：1/1140页 20条/页 ,备注：7选3老版按科目组合查询
组合 34,物理+生物+技术,共 22674 条记录 页次：1/1260页 18条/页 ,备注：7选3新版按科目组合查询
组合 34,物理+生物+技术,共 22674 条记录 页次：1/1134页 20条/页 ,备注：7选3老版按科目组合查询
组合 35,化学+生物+技术,共 21544 条记录 页次：1/1197页 18条/页 ,备注：7选3新版按科目组合查询
组合 35,化学+生物+技术,共 21544 条记录 页次：1/1078页 20条/页 ,备注：7选3老版按科目组合查询
