报考  北京大学   的组合匹配情况：,组合一：化学+生物+技术,58.1%,http://www.233.mistong.com/clpnew/index?cengci=b&cid=2542&mid=#anchor
报考  中国人民大学   的组合匹配情况：,组合一：化学+生物+技术,40.7%,http://www.233.mistong.com/clpnew/index?cengci=b&cid=2543&mid=#anchor
报考  清华大学   的组合匹配情况：,组合一：化学+生物+技术,62.5%,http://www.233.mistong.com/clpnew/index?cengci=b&cid=2544&mid=#anchor
报考  北京交通大学   的组合匹配情况：,组合一：化学+生物+技术,100%,http://www.233.mistong.com/clpnew/index?cengci=b&cid=2545&mid=#anchor
报考  北京工业大学   的组合匹配情况：,组合一：化学+生物+技术,84.2%,http://www.233.mistong.com/clpnew/index?cengci=b&cid=2546&mid=#anchor
报考  北京航空航天大学   的组合匹配情况：,组合一：化学+生物+技术,88.2%,http://www.233.mistong.com/clpnew/index?cengci=b&cid=2547&mid=#anchor
报考  北京理工大学   的组合匹配情况：,组合一：化学+生物+技术,92.3%,http://www.233.mistong.com/clpnew/index?cengci=b&cid=2548&mid=#anchor
报考  北京科技大学   的组合匹配情况：,组合一：化学+生物+技术,100%,http://www.233.mistong.com/clpnew/index?cengci=b&cid=2549&mid=#anchor
报考  北京化工大学   的组合匹配情况：,组合一：化学+生物+技术,100%,http://www.233.mistong.com/clpnew/index?cengci=b&cid=2550&mid=#anchor
报考  北京工商大学   的组合匹配情况：,组合一：化学+生物+技术,100%,http://www.233.mistong.com/clpnew/index?cengci=b&cid=2551&mid=#anchor
报考  北京服装学院   的组合匹配情况：,组合一：化学+生物+技术,100%,http://www.233.mistong.com/clpnew/index?cengci=b&cid=2552&mid=#anchor
报考  北京邮电大学   的组合匹配情况：,组合一：化学+生物+技术,50.0%,http://www.233.mistong.com/clpnew/index?cengci=b&cid=2553&mid=#anchor
报考  北京印刷学院   的组合匹配情况：,组合一：化学+生物+技术,100%,http://www.233.mistong.com/clpnew/index?cengci=b&cid=2554&mid=#anchor
报考  北京建筑大学   的组合匹配情况：,组合一：化学+生物+技术,50.0%,http://www.233.mistong.com/clpnew/index?cengci=b&cid=2555&mid=#anchor
报考  北京石油化工学院   的组合匹配情况：,组合一：化学+生物+技术,100%,http://www.233.mistong.com/clpnew/index?cengci=b&cid=2556&mid=#anchor
报考  北京电子科技学院   的组合匹配情况：,组合一：化学+生物+技术,100%,http://www.233.mistong.com/clpnew/index?cengci=b&cid=2557&mid=#anchor
报考  中国农业大学   的组合匹配情况：,组合一：化学+生物+技术,77.1%,http://www.233.mistong.com/clpnew/index?cengci=b&cid=2558&mid=#anchor
报考  北京农学院   的组合匹配情况：,组合一：化学+生物+技术,50.0%,http://www.233.mistong.com/clpnew/index?cengci=b&cid=2559&mid=#anchor
报考  北京林业大学   的组合匹配情况：,组合一：化学+生物+技术,85.4%,http://www.233.mistong.com/clpnew/index?cengci=b&cid=2560&mid=#anchor
报考  北京协和医学院   的组合匹配情况：,组合一：化学+生物+技术,0%,http://www.233.mistong.com/clpnew/index?cengci=b&cid=2561&mid=#anchor
报考  首都医科大学   的组合匹配情况：,组合一：化学+生物+技术,100%,http://www.233.mistong.com/clpnew/index?cengci=b&cid=2562&mid=#anchor
报考  北京中医药大学   的组合匹配情况：,组合一：化学+生物+技术,100%,http://www.233.mistong.com/clpnew/index?cengci=b&cid=2563&mid=#anchor
报考  北京师范大学   的组合匹配情况：,组合一：化学+生物+技术,100%,http://www.233.mistong.com/clpnew/index?cengci=b&cid=2564&mid=#anchor
报考  首都师范大学   的组合匹配情况：,组合一：化学+生物+技术,92.3%,http://www.233.mistong.com/clpnew/index?cengci=b&cid=2565&mid=#anchor
报考  首都体育学院   的组合匹配情况：,组合一：化学+生物+技术,100%,http://www.233.mistong.com/clpnew/index?cengci=b&cid=2566&mid=#anchor
